Time,Frequency,Resistance
0, 5009491.900000, 445.010000
1, 5009491.100000, 445.010000
2, 5009490.500000, 445.070000
3, 5009489.800000, 445.110000
4, 5009489.216667, 445.135000
5, 5009488.433333, 445.173333
6, 5009487.785714, 445.208571
7, 5009486.900000, 445.240000
8, 5009486.385714, 445.267143
9, 5009485.600000, 445.295000
10, 5009485.000000, 445.327143
11, 5009484.385714, 445.358571
12, 5009483.800000, 445.375000
13, 5009483.371429, 445.404286
14, 5009483.042857, 445.431429
15, 5009482.500000, 445.440000
16, 5009482.328571, 445.450000
17, 5009482.385714, 445.460000
18, 5009482.400000, 445.460000
19, 5009482.485714, 445.460000
20, 5009482.585714, 445.460000
21, 5009482.700000, 445.453333
22, 5009483.128571, 445.438571
23, 5009483.714286, 445.412857
24, 5009483.966667, 445.393333
25, 5009484.257143, 445.374286
26, 5009484.814286, 445.351429
27, 5009485.483333, 445.323333
28, 5009486.016667, 445.285000
29, 5009486.528571, 445.255714
30, 5009486.933333, 445.230000
31, 5009487.600000, 445.212857
32, 5009488.128571, 445.184286
33, 5009488.900000, 445.155000
34, 5009488.985714, 445.142857
35, 5009489.342857, 445.118571
36, 5009489.900000, 445.096667
37, 5009490.328571, 445.081429
38, 5009490.742857, 445.061429
39, 5009490.900000, 445.046667
40, 5009491.071429, 445.034286
41, 5009491.357143, 445.011429
42, 5009491.733333, 444.988333
43, 5009491.971429, 444.980000
44, 5009492.000000, 444.970000
45, 5009492.200000, 444.960000
46, 5009492.457143, 444.951429
47, 5009492.757143, 444.932857
48, 5009492.966667, 444.921667
49, 5009493.000000, 444.920000
50, 5009493.342857, 444.914286
51, 5009493.900000, 444.900000
52, 5009494.200000, 444.880000
53, 5009494.800000, 444.864000
54, 5009494.966667, 444.850000
55, 5009495.342857, 444.827143
56, 5009495.816667, 444.806667
57, 5009496.414286, 444.790000
58, 5009496.757143, 444.760000
59, 5009497.300000, 444.740000
60, 5009498.000000, 444.731429
61, 5009498.766667, 444.713333
62, 5009499.483333, 444.693333
63, 5009499.771429, 444.682857
64, 5009500.133333, 444.660000
65, 5009500.457143, 444.644286
66, 5009500.842857, 444.631429
67, 5009501.066667, 444.613333
68, 5009501.014286, 444.600000
69, 5009501.000000, 444.597143
70, 5009501.083333, 444.588333
71, 5009501.185714, 444.580000
72, 5009501.200000, 444.580000
73, 5009501.033333, 444.580000
74, 5009501.000000, 444.571429
75, 5009501.257143, 444.570000
76, 5009501.466667, 444.561667
77, 5009501.500000, 444.552857
78, 5009501.414286, 444.550000
79, 5009501.566667, 444.543333
80, 5009501.671429, 444.535714
81, 5009501.871429, 444.525714
82, 5009501.983333, 444.520000
83, 5009501.928571, 444.520000
84, 5009502.157143, 444.514286
85, 5009502.366667, 444.500000
86, 5009502.614286, 444.490000
87, 5009502.700000, 444.480000
88, 5009502.700000, 444.480000
89, 5009502.842857, 444.471429
90, 5009502.985714, 444.461429
91, 5009503.083333, 444.460000
92, 5009502.885714, 444.465714
93, 5009502.800000, 444.470000
94, 5009502.716667, 444.465000
95, 5009502.771429, 444.460000
96, 5009502.800000, 444.464286
97, 5009502.466667, 444.470000
98, 5009502.257143, 444.471429
99, 5009502.114286, 444.480000
100, 5009502.100000, 444.480000
101, 5009501.957143, 444.480000
102, 5009501.642857, 444.490000
103, 5009501.600000, 444.490000
104, 5009501.600000, 444.498571
105, 5009501.428571, 444.500000
106, 5009501.150000, 444.506667
107, 5009500.957143, 444.510000
108, 5009500.900000, 444.510000
109, 5009500.900000, 444.510000
110, 5009500.828571, 444.512857
111, 5009500.800000, 444.517143
112, 5009500.883333, 444.508333
113, 5009501.042857, 444.498571
114, 5009501.271429, 444.490000
115, 5009501.216667, 444.490000
116, 5009501.342857, 444.480000
117, 5009501.828571, 444.471429
118, 5009502.233333, 444.445000
119, 5009502.657143, 444.425714
120, 5009503.057143, 444.405714
121, 5009503.683333, 444.380000
122, 5009504.514286, 444.347143
123, 5009505.657143, 444.308571
124, 5009506.550000, 444.266667
125, 5009507.057143, 444.228571
126, 5009507.771429, 444.188571
127, 5009508.500000, 444.155000
128, 5009508.957143, 444.127143
129, 5009509.357143, 444.110000
130, 5009509.650000, 444.100000
131, 5009509.985714, 444.074286
132, 5009510.700000, 444.047500
133, 5009511.650000, 444.010000
134, 5009512.275000, 443.977500
135, 5009513.000000, 443.955000
136, 5009513.840000, 443.916000
137, 5009514.750000, 443.885000
138, 5009515.650000, 443.860000
139, 5009516.157143, 443.841429
140, 5009516.728571, 443.808571
141, 5009517.400000, 443.773333
142, 5009518.140000, 443.732000
143, 5009518.966667, 443.695000
144, 5009519.350000, 443.670000
145, 5009519.880000, 443.640000
146, 5009520.600000, 443.617500
147, 5009521.250000, 443.580000
148, 5009521.900000, 443.553333
149, 5009522.000000, 443.543333
150, 5009522.150000, 443.525000
151, 5009522.466667, 443.510000
152, 5009522.742857, 443.491429
153, 5009522.966667, 443.480000
154, 5009522.833333, 443.480000
155, 5009522.800000, 443.477143
156, 5009523.050000, 443.468333
157, 5009523.242857, 443.460000
158, 5009523.466667, 443.460000
159, 5009523.214286, 443.460000
160, 5009523.028571, 443.468571
161, 5009522.916667, 443.470000
162, 5009522.833333, 443.476667
163, 5009522.533333, 443.493333
164, 5009521.828571, 443.517143
165, 5009521.385714, 443.570000
166, 5009520.966667, 443.630000
167, 5009520.471429, 443.664286
168, 5009519.883333, 443.680000
169, 5009519.157143, 443.704286
170, 5009518.550000, 443.730000
171, 5009517.800000, 443.750000
172, 5009517.300000, 443.770000
173, 5009516.533333, 443.800000
174, 5009515.816667, 443.840000
175, 5009515.116667, 443.856667
176, 5009514.680000, 443.884000
177, 5009514.100000, 443.903333
178, 5009513.357143, 443.915714
179, 5009512.600000, 443.940000
180, 5009512.000000, 443.968571
181, 5009511.383333, 443.990000
182, 5009511.033333, 444.016667
183, 5009510.360000, 444.030000
194, 5009501.600000, 444.370000
204, 5009493.000000, 444.700000
214, 5009485.300000, 445.030000
220, 5009480.800000, 445.250000
221, 5009480.800000, 445.250000
222, 5009479.500000, 445.302500
223, 5009479.033333, 445.316667
224, 5009478.685714, 445.338571
225, 5009478.466667, 445.360000
226, 5009478.400000, 445.382857
227, 5009478.150000, 445.391667
228, 5009478.166667, 445.400000
229, 5009478.414286, 445.400000
230, 5009478.833333, 445.380000
231, 5009479.357143, 445.362857
232, 5009479.714286, 445.342857
233, 5009480.133333, 445.323333
234, 5009480.633333, 445.300000
235, 5009480.971429, 445.272857
236, 5009481.314286, 445.254286
237, 5009480.933333, 445.265000
238, 5009479.914286, 445.310000
239, 5009478.742857, 445.375714
240, 5009477.466667, 445.423333
241, 5009475.857143, 445.501429
242, 5009474.185714, 445.582857
243, 5009472.500000, 445.660000
244, 5009470.614286, 445.750000
245, 5009468.742857, 445.880000
246, 5009466.933333, 446.000000
247, 5009465.271429, 446.071429
248, 5009463.071429, 446.185714
249, 5009461.300000, 446.300000
250, 5009459.342857, 446.391429
251, 5009457.800000, 446.475000
252, 5009456.385714, 446.554286
253, 5009454.633333, 446.626667
254, 5009453.414286, 446.697143
255, 5009452.214286, 446.748571
256, 5009450.914286, 446.808571
257, 5009450.000000, 446.860000
258, 5009449.242857, 446.900000
259, 5009448.328571, 446.940000
260, 5009447.633333, 446.980000
261, 5009447.114286, 447.005714
262, 5009446.471429, 447.024286
263, 5009445.966667, 447.056667
264, 5009445.442857, 447.092857
265, 5009444.766667, 447.135000
266, 5009444.328571, 447.172857
267, 5009443.985714, 447.202857
268, 5009443.633333, 447.230000
269, 5009443.328571, 447.252857
270, 5009442.933333, 447.270000
271, 5009442.628571, 447.300000
272, 5009442.357143, 447.320000
273, 5009442.033333, 447.350000
274, 5009441.728571, 447.367143
275, 5009441.171429, 447.395714
276, 5009440.714286, 447.428571
277, 5009440.266667, 447.466667
278, 5009439.928571, 447.497143
279, 5009439.442857, 447.532857
280, 5009439.033333, 447.570000
281, 5009438.614286, 447.602857
282, 5009438.042857, 447.631429
283, 5009437.566667, 447.665000
284, 5009437.171429, 447.694286
285, 5009436.428571, 447.725714
286, 5009435.800000, 447.760000
287, 5009435.314286, 447.810000
288, 5009434.885714, 447.840000
289, 5009434.466667, 447.865000
290, 5009434.085714, 447.898571
291, 5009433.733333, 447.923333
292, 5009433.428571, 447.947143
293, 5009433.085714, 447.977143
294, 5009432.857143, 448.002857
295, 5009432.266667, 448.030000
296, 5009431.785714, 448.054286
297, 5009431.433333, 448.063333
298, 5009431.128571, 448.082857
299, 5009430.866667, 448.103333
300, 5009430.633333, 448.125000
301, 5009430.400000, 448.150000
302, 5009430.128571, 448.158571
303, 5009429.857143, 448.177143
304, 5009429.533333, 448.205000
305, 5009429.000000, 448.231429
306, 5009428.485714, 448.254286
307, 5009428.133333, 448.280000
308, 5009427.800000, 448.310000
309, 5009427.471429, 448.328571
310, 5009427.157143, 448.352857
311, 5009426.900000, 448.376667
312, 5009426.571429, 448.397143
313, 5009426.228571, 448.442857
314, 5009425.766667, 448.460000
315, 5009425.257143, 448.500000
316, 5009424.771429, 448.530000
317, 5009424.400000, 448.550000
318, 5009424.071429, 448.578571
319, 5009423.633333, 448.615000
320, 5009423.271429, 448.642857
321, 5009423.000000, 448.670000
322, 5009422.728571, 448.697143
323, 5009422.266667, 448.725000
324, 5009421.642857, 448.757143
325, 5009421.033333, 448.793333
326, 5009420.614286, 448.824286
327, 5009420.171429, 448.854286
328, 5009419.733333, 448.880000
329, 5009419.314286, 448.920000
330, 5009418.928571, 448.970000
331, 5009418.533333, 449.010000
332, 5009418.228571, 449.035714
333, 5009417.871429, 449.074286
334, 5009417.366667, 449.100000
335, 5009417.085714, 449.127143
336, 5009416.942857, 449.151429
337, 5009416.900000, 449.165000
338, 5009416.957143, 449.174286
339, 5009417.057143, 449.180000
340, 5009417.233333, 449.180000
341, 5009417.585714, 449.177143
342, 5009417.971429, 449.158571
343, 5009418.033333, 449.150000
344, 5009418.171429, 449.140000
345, 5009418.633333, 449.120000
346, 5009419.085714, 449.102857
347, 5009419.600000, 449.066667
348, 5009420.185714, 449.038571
349, 5009420.742857, 449.001429
350, 5009421.300000, 448.975000
351, 5009421.885714, 448.947143
352, 5009422.271429, 448.921429
353, 5009422.400000, 448.903333
354, 5009422.650000, 448.886667
355, 5009423.050000, 448.865000
356, 5009423.428571, 448.835714
357, 5009423.800000, 448.810000
358, 5009424.071429, 448.810000
359, 5009424.466667, 448.790000
360, 5009424.828571, 448.772857
361, 5009425.228571, 448.752857
362, 5009425.400000, 448.725000
363, 5009425.514286, 448.714286
364, 5009425.771429, 448.704286
365, 5009426.233333, 448.685000
366, 5009426.628571, 448.661429
367, 5009427.142857, 448.637143
368, 5009427.700000, 448.615000
369, 5009428.285714, 448.585714
370, 5009428.785714, 448.555714
371, 5009429.200000, 448.530000
372, 5009429.342857, 448.510000
373, 5009429.471429, 448.500000
374, 5009429.850000, 448.480000
375, 5009430.385714, 448.458571
376, 5009431.057143, 448.421429
377, 5009431.750000, 448.383333
378, 5009432.500000, 448.347143
379, 5009433.257143, 448.301429
380, 5009433.950000, 448.255000
381, 5009434.700000, 448.208571
382, 5009435.150000, 448.173333
383, 5009435.757143, 448.132857
384, 5009436.671429, 448.080000
385, 5009437.614286, 448.011429
386, 5009438.500000, 447.960000
387, 5009439.571429, 447.900000
388, 5009440.571429, 447.840000
389, 5009441.500000, 447.771667
390, 5009442.571429, 447.710000
391, 5009443.171429, 447.647143
392, 5009443.600000, 447.596667
393, 5009444.300000, 447.551429
394, 5009444.960000, 447.518000
395, 5009445.800000, 447.455714
396, 5009446.600000, 447.400000
397, 5009447.514286, 447.342857
398, 5009448.366667, 447.290000
399, 5009448.950000, 447.240000
400, 5009449.514286, 447.190000
401, 5009449.857143, 447.160000
402, 5009450.150000, 447.120000
403, 5009450.700000, 447.095000
404, 5009451.342857, 447.061429
405, 5009451.950000, 447.023333
406, 5009452.550000, 446.976667
407, 5009453.142857, 446.937143
408, 5009453.700000, 446.900000
409, 5009454.400000, 446.860000
410, 5009454.550000, 446.835000
411, 5009454.440000, 446.826000
412, 5009454.600000, 446.804000
413, 5009455.000000, 446.780000
414, 5009455.466667, 446.766667
415, 5009455.780000, 446.750000
416, 5009456.060000, 446.726000
417, 5009456.480000, 446.696000
418, 5009456.700000, 446.675000
419, 5009456.900000, 446.656667
420, 5009456.750000, 446.650000
421, 5009456.500000, 446.650000
422, 5009456.620000, 446.650000
423, 5009456.800000, 446.640000
424, 5009456.975000, 446.625000
425, 5009457.150000, 446.617500
426, 5009457.433333, 446.603333
427, 5009457.550000, 446.587500
428, 5009457.780000, 446.580000
429, 5009457.900000, 446.570000
430, 5009457.650000, 446.570000
431, 5009457.350000, 446.580000
432, 5009457.340000, 446.572000
433, 5009457.460000, 446.570000
434, 5009457.542857, 446.564286
435, 5009457.600000, 446.560000
436, 5009457.650000, 446.555000
437, 5009457.750000, 446.550000
438, 5009457.857143, 446.545714
439, 5009457.650000, 446.546667
440, 5009457.271429, 446.561429
441, 5009457.042857, 446.570000
442, 5009457.000000, 446.570000
443, 5009456.942857, 446.580000
444, 5009456.850000, 446.580000
445, 5009456.800000, 446.597143
446, 5009456.700000, 446.600000
447, 5009456.514286, 446.607143
448, 5009456.350000, 446.616667
449, 5009455.914286, 446.637143
450, 5009455.200000, 446.663333
451, 5009454.900000, 446.680000
452, 5009454.714286, 446.698571
453, 5009454.520000, 446.712000
456, 5009454.000000, 446.750000
457, 5009453.800000, 446.770000
465, 5009451.800000, 446.890000
469, 5009450.000000, 446.980000
470, 5009449.700000, 447.010000
481, 5009446.500000, 447.210000
482, 5009446.200000, 447.240000
490, 5009444.350000, 447.350000
493, 5009444.100000, 447.370000
494, 5009444.100000, 447.380000
495, 5009444.100000, 447.390000
496, 5009444.100000, 447.390000
506, 5009444.000000, 447.420000
508, 5009443.700000, 447.420000
517, 5009445.400000, 447.330000
518, 5009445.400000, 447.320000
521, 5009446.400000, 447.280000
531, 5009450.100000, 447.040000
536, 5009451.900000, 446.930000
537, 5009451.600000, 446.930000
542, 5009452.700000, 446.870000
543, 5009452.700000, 446.850000
546, 5009452.400000, 446.850000
547, 5009452.400000, 446.850000
548, 5009452.300000, 446.850000
549, 5009452.300000, 446.850000
550, 5009452.300000, 446.850000
551, 5009452.300000, 446.854286
552, 5009452.300000, 446.860000
553, 5009452.266667, 446.856667
554, 5009452.157143, 446.852857
555, 5009451.800000, 446.863333
556, 5009451.328571, 446.882857
557, 5009451.100000, 446.900000
558, 5009451.066667, 446.910000
559, 5009450.900000, 446.918333
560, 5009450.833333, 446.928333
561, 5009450.866667, 446.930000
562, 5009450.750000, 446.935000
563, 5009450.600000, 446.945000
564, 5009450.500000, 446.950000
565, 5009450.057143, 446.962857
566, 5009449.550000, 446.985000
567, 5009449.400000, 447.000000
568, 5009449.350000, 447.013333
569, 5009449.300000, 447.020000
570, 5009449.300000, 447.020000
571, 5009449.300000, 447.020000
572, 5009449.325000, 447.020000
573, 5009449.440000, 447.020000
574, 5009449.466667, 447.010000
575, 5009449.250000, 447.017500
576, 5009449.142857, 447.027143
577, 5009449.233333, 447.023333
578, 5009449.300000, 447.020000
579, 5009449.300000, 447.020000
580, 5009449.342857, 447.020000
581, 5009449.400000, 447.016667
582, 5009449.400000, 447.010000
583, 5009449.333333, 447.011667
584, 5009448.942857, 447.022857
585, 5009448.433333, 447.040000
586, 5009448.020000, 447.070000
587, 5009447.860000, 447.090000
588, 5009447.733333, 447.098333
589, 5009447.625000, 447.107500
590, 5009447.700000, 447.110000
591, 5009447.675000, 447.117500
592, 5009447.666667, 447.120000
593, 5009447.771429, 447.120000
594, 5009447.600000, 447.123333
595, 5009447.433333, 447.130000
596, 5009447.671429, 447.127143
597, 5009448.100000, 447.116000
598, 5009448.566667, 447.100000
599, 5009449.014286, 447.065714
600, 5009449.600000, 447.040000
601, 5009450.100000, 447.010000
602, 5009450.714286, 446.984286
603, 5009450.966667, 446.955000
604, 5009450.966667, 446.943333
605, 5009451.233333, 446.926667
606, 5009451.614286, 446.902857
607, 5009452.033333, 446.880000
608, 5009452.414286, 446.852857
609, 5009452.914286, 446.817143
610, 5009453.280000, 446.794000
611, 5009453.814286, 446.761429
612, 5009454.175000, 446.740000
613, 5009454.333333, 446.730000
614, 5009454.314286, 446.730000
615, 5009454.700000, 446.720000
616, 5009455.066667, 446.703333
617, 5009455.600000, 446.675000
618, 5009456.200000, 446.648571
619, 5009456.875000, 446.620000
620, 5009457.850000, 446.570000
621, 5009458.600000, 446.530000
622, 5009459.666667, 446.483333
623, 5009460.133333, 446.440000
624, 5009460.828571, 446.398571
625, 5009461.833333, 446.360000
626, 5009463.071429, 446.300000
627, 5009464.466667, 446.240000
628, 5009465.866667, 446.170000
629, 5009467.100000, 446.100000
630, 5009468.980000, 446.036000
631, 5009470.680000, 445.920000
632, 5009471.933333, 445.866667
633, 5009472.800000, 445.798333
634, 5009473.600000, 445.790000
635, 5009475.000000, 445.640000
638, 5009480.300000, 445.420000
641, 5009482.500000, 445.300000
648, 5009486.900000, 445.060000
649, 5009488.100000, 445.045000
652, 5009488.900000, 444.970000
660, 5009491.100000, 444.840000
661, 5009491.100000, 444.840000
662, 5009490.600000, 444.860000
663, 5009490.300000, 444.860000
664, 5009490.300000, 444.870000
666, 5009490.300000, 444.860000
668, 5009490.300000, 444.870000
670, 5009490.400000, 444.850000
671, 5009490.050000, 444.860000
672, 5009489.600000, 444.880000
673, 5009489.400000, 444.890000
674, 5009489.300000, 444.895000
679, 5009489.300000, 444.890000
681, 5009488.700000, 444.905000
682, 5009488.100000, 444.930000
683, 5009488.200000, 444.930000
684, 5009488.350000, 444.930000
685, 5009488.400000, 444.928571
686, 5009488.433333, 444.920000
687, 5009488.471429, 444.920000
688, 5009488.457143, 444.911429
689, 5009488.566667, 444.918333
690, 5009488.328571, 444.920000
691, 5009487.785714, 444.941429
692, 5009487.442857, 444.955714
693, 5009487.233333, 444.960000
694, 5009487.071429, 444.964286
695, 5009486.942857, 444.982857
696, 5009486.866667, 445.003333
697, 5009486.742857, 445.020000
698, 5009488.928571, 445.012857
699, 5009497.400000, 444.610000
700, 5009498.171429, 444.530000
701, 5009492.442857, 444.720000
702, 5009490.033333, 444.760000
703, 5009486.585714, 444.940000
704, 5009481.657143, 445.184286
705, 5009482.166667, 445.160000
706, 5009484.871429, 445.095714
707, 5009490.614286, 444.790000
708, 5009498.266667, 444.515000
709, 5009496.457143, 444.467143
710, 5009494.300000, 444.515714
711, 5009492.833333, 444.571667
712, 5009493.500000, 444.537143
713, 5009492.185714, 444.582857
714, 5009491.666667, 444.600000
715, 5009492.314286, 444.570000
716, 5009492.666667, 444.540000
717, 5009493.085714, 444.514286
718, 5009493.333333, 444.493333
719, 5009493.371429, 444.482857
720, 5009493.100000, 444.508571
721, 5009492.566667, 444.525000
722, 5009492.342857, 444.538571
723, 5009491.685714, 444.580000
724, 5009489.766667, 444.653333
725, 5009488.128571, 444.740000
726, 5009486.400000, 444.815714
727, 5009483.400000, 444.970000
728, 5009478.600000, 445.210000
729, 5009478.300000, 445.240000
730, 5009476.800000, 445.350000
731, 5009482.871429, 445.152857
732, 5009494.383333, 444.595000
733, 5009507.283333, 444.103333
734, 5009505.142857, 444.110000
735, 5009499.942857, 444.248571
736, 5009499.800000, 444.248000
737, 5009499.400000, 444.263333
738, 5009498.760000, 444.274000
739, 5009498.020000, 444.286000
740, 5009497.183333, 444.316667
741, 5009496.500000, 444.350000
742, 5009496.200000, 444.360000
743, 5009496.233333, 444.370000
744, 5009496.350000, 444.370000
745, 5009496.033333, 444.378333
746, 5009495.842857, 444.380000
747, 5009496.360000, 444.364000
748, 5009497.133333, 444.340000
749, 5009498.114286, 444.307143
750, 5009499.083333, 444.270000
751, 5009500.200000, 444.233333
752, 5009501.600000, 444.180000
753, 5009503.033333, 444.110000
754, 5009504.250000, 444.057500
755, 5009505.500000, 444.014286
756, 5009506.100000, 443.980000
757, 5009507.000000, 443.940000
758, 5009508.250000, 443.880000
759, 5009510.014286, 443.828571
760, 5009511.785714, 443.785714
761, 5009513.250000, 443.730000
762, 5009515.014286, 443.670000
763, 5009516.814286, 443.615714
764, 5009518.400000, 443.565000
765, 5009520.385714, 443.505714
766, 5009521.657143, 443.451429
767, 5009522.016667, 443.423333
768, 5009523.585714, 443.370000
769, 5009525.142857, 443.311429
770, 5009526.200000, 443.260000
771, 5009527.485714, 443.200000
772, 5009528.333333, 443.150000
773, 5009529.200000, 443.115714
774, 5009529.842857, 443.075714
775, 5009530.300000, 443.045000
776, 5009530.571429, 443.032857
777, 5009530.028571, 443.030000
778, 5009530.150000, 443.025000
779, 5009530.514286, 443.011429
780, 5009530.833333, 442.990000
781, 5009531.028571, 442.967143
782, 5009531.171429, 442.957143
783, 5009531.100000, 442.948333
784, 5009531.085714, 442.940000
785, 5009530.885714, 442.940000
786, 5009530.257143, 442.950000
787, 5009529.350000, 442.980000
788, 5009529.014286, 442.997143
789, 5009528.685714, 443.000000
790, 5009528.300000, 443.008333
791, 5009527.700000, 443.027143
792, 5009526.900000, 443.057143
793, 5009526.266667, 443.085000
794, 5009525.342857, 443.117143
795, 5009524.466667, 443.156667
796, 5009523.114286, 443.207143
797, 5009521.714286, 443.261429
798, 5009520.833333, 443.290000
799, 5009519.871429, 443.330000
800, 5009518.814286, 443.370000
801, 5009517.933333, 443.420000
802, 5009516.957143, 443.445714
803, 5009515.785714, 443.484286
804, 5009514.816667, 443.523333
805, 5009513.385714, 443.565714
806, 5009511.900000, 443.610000
807, 5009510.757143, 443.657143
808, 5009509.585714, 443.697143
809, 5009508.633333, 443.733333
810, 5009507.628571, 443.768571
811, 5009506.285714, 443.804286
812, 5009505.316667, 443.845000
813, 5009504.242857, 443.870000
814, 5009502.957143, 443.920000
815, 5009501.816667, 443.980000
816, 5009500.228571, 444.031429
817, 5009498.885714, 444.082857
818, 5009497.933333, 444.123333
819, 5009496.957143, 444.152857
820, 5009495.850000, 444.200000
821, 5009494.960000, 444.228000
822, 5009494.233333, 444.255000
823, 5009493.171429, 444.291429
824, 5009492.383333, 444.333333
825, 5009491.300000, 444.360000
826, 5009490.000000, 444.450000
827, 5009488.460000, 444.520000
828, 5009487.600000, 444.560000
829, 5009486.616667, 444.593333
830, 5009485.533333, 444.650000
831, 5009484.516667, 444.701667
832, 5009483.450000, 444.743333
833, 5009482.571429, 444.785714
834, 5009481.566667, 444.826667
835, 5009480.257143, 444.868571
836, 5009479.285714, 444.907143
837, 5009478.483333, 444.946667
838, 5009477.785714, 444.991429
839, 5009476.983333, 445.025000
840, 5009476.328571, 445.054286
841, 5009475.800000, 445.086667
842, 5009475.216667, 445.126667
843, 5009474.666667, 445.160000
844, 5009473.850000, 445.190000
845, 5009473.016667, 445.230000
846, 5009472.528571, 445.244286
847, 5009472.000000, 445.266667
848, 5009471.442857, 445.281429
849, 5009471.016667, 445.300000
850, 5009470.600000, 445.320000
851, 5009470.042857, 445.348571
852, 5009469.557143, 445.372857
853, 5009469.050000, 445.400000
854, 5009468.228571, 445.424286
855, 5009467.685714, 445.452857
856, 5009467.350000, 445.470000
857, 5009467.057143, 445.500000
858, 5009466.766667, 445.520000
859, 5009466.557143, 445.537143
860, 5009466.300000, 445.548333
861, 5009466.185714, 445.557143
862, 5009466.066667, 445.573333
863, 5009465.785714, 445.585714
864, 5009465.100000, 445.605000
865, 5009464.900000, 445.623333
866, 5009464.683333, 445.633333
867, 5009464.600000, 445.641667
868, 5009464.485714, 445.652857
869, 5009464.385714, 445.670000
870, 5009464.300000, 445.670000
871, 5009464.185714, 445.680000
872, 5009464.100000, 445.690000
873, 5009463.866667, 445.698333
874, 5009463.157143, 445.717143
875, 5009462.900000, 445.733333
876, 5009462.685714, 445.745714
877, 5009462.560000, 445.762000
878, 5009462.385714, 445.770000
879, 5009462.266667, 445.775000
880, 5009462.085714, 445.784286
881, 5009461.983333, 445.793333
882, 5009461.900000, 445.802000
883, 5009461.483333, 445.813333
884, 5009460.800000, 445.830000
885, 5009460.366667, 445.850000
886, 5009460.150000, 445.870000
887, 5009459.900000, 445.878333
888, 5009459.500000, 445.920000
889, 5009459.016667, 445.946667
890, 5009458.600000, 445.968000
891, 5009458.216667, 445.990000
892, 5009457.575000, 446.015000
893, 5009456.900000, 446.055000
894, 5009455.925000, 446.100000
895, 5009455.300000, 446.133333
896, 5009454.700000, 446.171429
897, 5009454.100000, 446.206667
898, 5009453.400000, 446.240000
899, 5009452.700000, 446.280000
900, 5009451.966667, 446.310000
901, 5009451.200000, 446.352857
902, 5009450.600000, 446.393333
903, 5009449.285714, 446.442857
904, 5009448.466667, 446.486667
905, 5009447.700000, 446.528571
906, 5009446.966667, 446.575000
907, 5009446.185714, 446.630000
908, 5009445.500000, 446.686667
909, 5009444.900000, 446.731429
910, 5009444.300000, 446.766667
911, 5009443.700000, 446.805714
912, 5009442.771429, 446.845714
913, 5009442.000000, 446.880000
914, 5009441.400000, 446.920000
915, 5009440.942857, 446.945714
916, 5009440.600000, 446.975000
917, 5009440.357143, 447.001429
918, 5009440.100000, 447.016667
919, 5009439.885714, 447.031429
920, 5009439.800000, 447.050000
921, 5009439.500000, 447.068571
922, 5009439.000000, 447.090000
923, 5009438.500000, 447.120000
924, 5009438.400000, 447.146667
925, 5009438.100000, 447.161667
926, 5009438.000000, 447.170000
927, 5009437.857143, 447.180000
928, 5009437.600000, 447.190000
929, 5009437.600000, 447.198571
930, 5009437.371429, 447.234286
941, 5009435.500000, 447.380000
951, 5009436.600000, 447.330000
961, 5009437.400000, 447.310000
972, 5009438.200000, 447.280000
982, 5009440.900000, 447.160000
992, 5009443.900000, 446.960000
1002, 5009446.400000, 446.810000
1012, 5009447.400000, 446.740000
1023, 5009449.300000, 446.650000
1033, 5009453.000000, 446.420000
1043, 5009458.800000, 446.140000
1053, 5009463.600000, 445.870000
1063, 5009465.500000, 445.720000
1074, 5009466.300000, 445.660000
1084, 5009465.800000, 445.670000
1094, 5009464.900000, 445.700000
1104, 5009464.000000, 445.730000
1114, 5009462.700000, 445.800000
1125, 5009460.400000, 445.910000
1135, 5009456.400000, 446.050000
1145, 5009454.400000, 446.170000
1155, 5009453.300000, 446.240000
1165, 5009453.200000, 446.250000
1176, 5009453.900000, 446.220000
1182, 5009454.800000, 446.190000
1183, 5009454.200000, 446.210000
1184, 5009453.900000, 446.210000
1185, 5009453.900000, 446.210000
1186, 5009453.816667, 446.210000
1187, 5009453.800000, 446.218571
1188, 5009453.633333, 446.228333
1189, 5009453.428571, 446.237143
1190, 5009453.142857, 446.240000
1191, 5009453.016667, 446.253333
1192, 5009453.685714, 446.225714
1193, 5009454.914286, 446.171429
1194, 5009456.100000, 446.130000
1195, 5009457.157143, 446.075714
1196, 5009457.642857, 446.040000
1197, 5009457.200000, 446.041667
1198, 5009457.014286, 446.048571
1199, 5009456.083333, 446.040000
1200, 5009449.471429, 446.360000
1201, 5009443.857143, 446.720000
1202, 5009459.100000, 445.950000
1203, 5009452.271429, 446.250000
1204, 5009444.171429, 446.598571
1205, 5009438.516667, 446.883333
1206, 5009433.600000, 447.120000
1207, 5009429.114286, 447.371429
1208, 5009425.083333, 447.596667
1209, 5009421.828571, 447.810000
1210, 5009417.800000, 448.020000
1211, 5009414.466667, 448.203333
1212, 5009411.614286, 448.395714
1213, 5009408.042857, 448.572857
1214, 5009405.100000, 448.710000
1215, 5009402.600000, 448.847143
1216, 5009399.400000, 449.015714
1217, 5009396.750000, 449.198333
1218, 5009394.371429, 449.351429
1219, 5009391.516667, 449.506667
1220, 5009388.871429, 449.662857
1221, 5009386.583333, 449.820000
1222, 5009390.700000, 449.655714
1223, 5009415.900000, 448.880000
1224, 5009430.883333, 447.156667
1225, 5009433.100000, 444.910000
1516, 5009358.100000, 407.930000
1517, 5009358.557143, 407.865714
1518, 5009359.350000, 407.780000
1519, 5009360.200000, 407.704286
1520, 5009360.900000, 407.630000
1521, 5009361.700000, 407.555714
1522, 5009362.400000, 407.471429
1523, 5009363.050000, 407.393333
1524, 5009363.914286, 407.314286
1525, 5009364.985714, 407.237143
1526, 5009365.850000, 407.160000
1527, 5009366.657143, 407.080000
1528, 5009367.457143, 406.990000
1529, 5009368.266667, 406.890000
1530, 5009369.033333, 406.823333
1531, 5009369.700000, 406.732857
1532, 5009370.400000, 406.660000
1533, 5009371.257143, 406.578571
1534, 5009372.000000, 406.482857
1535, 5009372.700000, 406.390000
1536, 5009373.557143, 406.301429
1537, 5009374.250000, 406.220000
1538, 5009374.942857, 406.134286
1539, 5009375.550000, 406.056667
1540, 5009376.242857, 405.978571
1541, 5009376.785714, 405.910000
1542, 5009377.250000, 405.830000
1543, 5009377.785714, 405.761429
1544, 5009378.285714, 405.690000
1545, 5009378.800000, 405.640000
1546, 5009379.200000, 405.590000
1547, 5009379.650000, 405.530000
1548, 5009380.100000, 405.480000
1549, 5009380.450000, 405.415000
1550, 5009380.900000, 405.356000
1551, 5009381.350000, 405.285000
1552, 5009381.780000, 405.226000
1553, 5009382.166667, 405.173333
1554, 5009382.660000, 405.140000
1555, 5009383.100000, 405.080000
1556, 5009383.500000, 405.030000
1557, 5009383.950000, 404.980000
1558, 5009384.350000, 404.920000
1559, 5009384.800000, 404.860000
1560, 5009385.160000, 404.820000
1561, 5009385.560000, 404.770000
1562, 5009385.900000, 404.725000
1563, 5009386.150000, 404.675000
1564, 5009386.350000, 404.625000
1565, 5009386.460000, 404.580000
1566, 5009386.550000, 404.536667
1567, 5009386.600000, 404.500000
1568, 5009386.600000, 404.470000
1569, 5009386.550000, 404.430000
1570, 5009386.400000, 404.410000
1571, 5009386.275000, 404.380000
1572, 5009386.100000, 404.355000
1573, 5009385.900000, 404.325000
1574, 5009385.700000, 404.300000
1575, 5009385.420000, 404.266000
1576, 5009385.180000, 404.242000
1577, 5009384.866667, 404.196667
1578, 5009384.733333, 404.170000
1579, 5009384.400000, 404.130000
1580, 5009384.100000, 404.090000
1581, 5009384.000000, 404.070000
1582, 5009383.500000, 404.020000
1583, 5009383.400000, 403.990000
1584, 5009383.033333, 403.950000
1585, 5009382.866667, 403.910000
1586, 5009382.700000, 403.880000
1587, 5009382.550000, 403.845000
1588, 5009382.366667, 403.800000
1589, 5009382.300000, 403.740000
1590, 5009382.166667, 403.713333
1591, 5009382.150000, 403.675000
1592, 5009382.140000, 403.620000
1593, 5009382.150000, 403.570000
1594, 5009382.250000, 403.527500
1595, 5009382.340000, 403.482000
1596, 5009382.400000, 403.450000
1597, 5009382.440000, 403.410000
1598, 5009382.550000, 403.370000
1599, 5009382.600000, 403.330000
1600, 5009382.600000, 403.290000
1601, 5009382.700000, 403.256667
1602, 5009382.800000, 403.218000
1603, 5009382.800000, 403.162000
1604, 5009382.840000, 403.114000
1605, 5009382.940000, 403.036000
1606, 5009382.950000, 402.975000
1607, 5009382.840000, 402.930000
1608, 5009382.775000, 402.885000
1609, 5009382.660000, 402.832000
1610, 5009382.550000, 402.787500
1611, 5009382.450000, 402.750000
1612, 5009382.350000, 402.700000
1613, 5009382.233333, 402.650000
1614, 5009382.066667, 402.610000
1615, 5009382.000000, 402.560000
1616, 5009381.933333, 402.510000
1617, 5009381.900000, 402.472500
1618, 5009381.900000, 402.410000
1619, 5009381.900000, 402.374000
1620, 5009382.000000, 402.315000
1621, 5009382.250000, 402.235000
1622, 5009382.366667, 402.180000
1623, 5009382.550000, 402.142500
1624, 5009382.740000, 402.076000
1625, 5009382.920000, 402.020000
1626, 5009383.250000, 401.926667
1627, 5009383.600000, 401.860000
1628, 5009383.800000, 401.815000
1629, 5009384.100000, 401.710000
1630, 5009384.600000, 401.616000
1631, 5009385.025000, 401.510000
1632, 5009385.250000, 401.435000
1633, 5009385.600000, 401.350000
1634, 5009386.140000, 401.250000
1635, 5009386.600000, 401.138000
1636, 5009386.950000, 401.062500
1637, 5009387.340000, 400.958000
1638, 5009387.820000, 400.848000
1639, 5009388.200000, 400.736000
1640, 5009388.740000, 400.618000
1641, 5009389.150000, 400.530000
1642, 5009389.700000, 400.410000
1643, 5009390.050000, 400.310000
1644, 5009390.400000, 400.186000
1645, 5009390.860000, 400.064000
1646, 5009391.250000, 399.957500
1647, 5009391.666667, 399.850000
1648, 5009391.920000, 399.762000
1649, 5009392.260000, 399.624000
1650, 5009392.633333, 399.536667
1661, 5009395.700000, 398.190000
1665, 5009396.300000, 397.810000
1668, 5009396.800000, 397.440000
1669, 5009396.840000, 397.284000
1670, 5009396.950000, 397.180000
1671, 5009397.040000, 397.050000
1672, 5009397.100000, 396.938000
1673, 5009397.166667, 396.780000
1674, 5009397.250000, 396.682500
1675, 5009397.233333, 396.563333
1676, 5009397.100000, 396.460000
1677, 5009397.100000, 396.322000
1678, 5009397.140000, 396.218000
1679, 5009397.160000, 396.084000
1680, 5009397.100000, 395.974000
1681, 5009397.100000, 395.846667
1682, 5009397.100000, 395.702000
1683, 5009397.100000, 395.590000
1684, 5009397.075000, 395.460000
1685, 5009397.000000, 395.320000
1686, 5009396.900000, 395.190000
1687, 5009396.700000, 395.092500
1688, 5009396.550000, 394.955000
1689, 5009396.400000, 394.770000
1690, 5009396.300000, 394.665000
1691, 5009396.250000, 394.517500
1692, 5009396.150000, 394.410000
1693, 5009396.050000, 394.265000
1694, 5009395.960000, 394.126000
1695, 5009395.850000, 393.992500
1696, 5009395.766667, 393.880000
1697, 5009395.566667, 393.670000
1698, 5009395.350000, 393.570000
1699, 5009395.100000, 393.430000
1700, 5009394.975000, 393.270000
1701, 5009394.875000, 393.157500
1702, 5009394.750000, 393.000000
1703, 5009394.633333, 392.853333
1704, 5009394.460000, 392.704000
1705, 5009394.400000, 392.560000
1706, 5009394.380000, 392.412000
1707, 5009394.300000, 392.225000
1708, 5009394.250000, 392.055000
1709, 5009394.160000, 391.936000
1710, 5009394.100000, 391.771667
1711, 5009394.200000, 391.630000
1712, 5009394.400000, 391.421667
1713, 5009394.575000, 391.280000
1714, 5009394.920000, 391.090000
1715, 5009395.280000, 390.900000
1716, 5009395.500000, 390.757500
1717, 5009395.933333, 390.543333
1718, 5009396.360000, 390.390000
1719, 5009396.800000, 390.210000
1720, 5009397.360000, 390.030000
1721, 5009397.700000, 389.843333
1722, 5009398.150000, 389.610000
1723, 5009398.700000, 389.422000
1724, 5009399.100000, 389.248000
1725, 5009399.566667, 389.045000
1726, 5009400.100000, 388.870000
1727, 5009400.566667, 388.660000
1728, 5009401.100000, 388.460000
1729, 5009401.566667, 388.285000
1730, 5009402.100000, 388.090000
1731, 5009402.566667, 387.910000
1732, 5009403.000000, 387.713333
1733, 5009403.360000, 387.530000
1734, 5009403.800000, 387.370000
1735, 5009404.260000, 387.130000
1736, 5009404.580000, 386.966000
1737, 5009405.033333, 386.776667
1738, 5009405.460000, 386.610000
1739, 5009405.833333, 386.416667
1740, 5009406.260000, 386.210000
1741, 5009406.500000, 386.050000
1742, 5009406.800000, 385.870000
1743, 5009407.300000, 385.690000
1744, 5009407.600000, 385.510000
1745, 5009407.600000, 385.310000
1746, 5009407.900000, 385.120000
1753, 5009410.000000, 384.010000
1754, 5009410.300000, 383.830000
1762, 5009411.800000, 382.640000
1766, 5009412.200000, 381.840000
1769, 5009412.433333, 381.550000
1770, 5009412.566667, 381.400000
1771, 5009412.766667, 381.250000
1772, 5009412.900000, 381.100000
1773, 5009412.933333, 380.960000
1774, 5009413.033333, 380.860000
1775, 5009413.100000, 380.697500
1776, 5009413.100000, 380.595000
1777, 5009413.020000, 380.452000
1778, 5009412.900000, 380.322000
1779, 5009412.900000, 380.237500
1780, 5009412.860000, 380.084000
1781, 5009412.840000, 379.974000
1782, 5009412.900000, 379.842000
1783, 5009412.940000, 379.730000
1784, 5009413.040000, 379.600000
1785, 5009413.125000, 379.460000
1786, 5009413.240000, 379.330000
1787, 5009413.266667, 379.221667
1788, 5009413.160000, 379.096000
1789, 5009413.066667, 378.983333
1790, 5009413.040000, 378.862000
1791, 5009413.075000, 378.745000
1792, 5009413.000000, 378.620000
1793, 5009413.000000, 378.520000
1794, 5009412.966667, 378.396667
1795, 5009412.933333, 378.270000
1796, 5009413.000000, 378.164000
1797, 5009413.000000, 378.040000
1798, 5009413.000000, 377.940000
1799, 5009412.980000, 377.810000
1800, 5009412.900000, 377.698571
1801, 5009412.900000, 377.550000
1802, 5009412.900000, 377.462000
1803, 5009412.940000, 377.336000
1804, 5009413.000000, 377.226000
1805, 5009413.066667, 377.083333
1806, 5009413.200000, 376.984000
1807, 5009413.233333, 376.860000
1808, 5009413.340000, 376.724000
1809, 5009413.466667, 376.596667
1810, 5009413.600000, 376.486667
1811, 5009413.560000, 376.370000
1812, 5009413.466667, 376.230000
1813, 5009413.520000, 376.110000
1814, 5009413.420000, 375.990000
1815, 5009413.500000, 375.902000
1816, 5009413.480000, 375.784000
1817, 5009413.400000, 375.673333
1818, 5009413.360000, 375.542000
1819, 5009413.266667, 375.433333
1820, 5009413.157143, 375.321429
1821, 5009413.066667, 375.215000
1822, 5009412.900000, 375.100000
1823, 5009412.640000, 375.020000
1824, 5009412.366667, 374.921667
1825, 5009412.200000, 374.815000
1826, 5009411.980000, 374.740000
1827, 5009411.800000, 374.640000
1828, 5009411.466667, 374.540000
1829, 5009411.100000, 374.440000
1830, 5009410.840000, 374.360000
1831, 5009410.600000, 374.340000
1841, 5009405.400000, 373.450000
1846, 5009403.000000, 373.030000
1851, 5009399.800000, 372.650000
1863, 5009395.300000, 371.930000
1865, 5009394.400000, 371.700000
1868, 5009393.300000, 371.530000
1870, 5009392.700000, 371.390000
1872, 5009391.800000, 371.250000
1874, 5009391.300000, 371.120000
1876, 5009390.700000, 371.050000
1886, 5009387.650000, 370.440000
1887, 5009387.366667, 370.398333
1888, 5009387.033333, 370.348333
1889, 5009386.766667, 370.298333
1890, 5009386.433333, 370.250000
1891, 5009386.050000, 370.205000
1892, 5009385.685714, 370.157143
1893, 5009385.350000, 370.133333
1894, 5009385.050000, 370.106667
1895, 5009384.666667, 370.066667
1896, 5009384.333333, 370.033333
1897, 5009383.857143, 369.994286
1898, 5009383.366667, 369.960000
1899, 5009383.016667, 369.930000
1900, 5009382.428571, 369.890000
1901, 5009381.900000, 369.850000
1902, 5009381.416667, 369.830000
1903, 5009380.700000, 369.805000
1904, 5009380.250000, 369.785000
1905, 5009379.633333, 369.770000
1906, 5009379.180000, 369.748000
1907, 5009378.550000, 369.725000
1908, 5009378.016667, 369.706667
1909, 5009377.516667, 369.696667
1910, 5009376.980000, 369.688000
1911, 5009376.380000, 369.680000
1912, 5009375.760000, 369.660000
1913, 5009375.000000, 369.640000
1914, 5009374.480000, 369.630000
1915, 5009373.900000, 369.621667
1916, 5009373.300000, 369.620000
1917, 5009372.800000, 369.620000
1918, 5009372.200000, 369.614000
1919, 5009371.716667, 369.610000
1920, 5009371.216667, 369.605000
1921, 5009370.680000, 369.592000
1922, 5009370.120000, 369.576000
1923, 5009369.566667, 369.566667
1924, 5009369.020000, 369.558000
1925, 5009368.600000, 369.548000
1926, 5009368.080000, 369.540000
1927, 5009367.516667, 369.530000
1928, 5009367.016667, 369.530000
1929, 5009366.480000, 369.530000
1930, 5009365.875000, 369.530000
1931, 5009365.400000, 369.530000
1932, 5009364.800000, 369.530000
1933, 5009364.316667, 369.530000
1934, 5009363.800000, 369.535000
1935, 5009363.220000, 369.534000
1936, 5009362.757143, 369.521429
1937, 5009362.233333, 369.490000
1938, 5009361.816667, 369.443333
1939, 5009361.266667, 369.428333
1940, 5009360.833333, 369.418333
1941, 5009360.366667, 369.410000
1942, 5009359.933333, 369.390000
1943, 5009359.480000, 369.390000
1944, 5009358.916667, 369.398333
1945, 5009358.400000, 369.408333
1946, 5009357.800000, 369.426000
1947, 5009357.166667, 369.443333
1948, 5009356.600000, 369.462000
1949, 5009356.133333, 369.475000
1950, 5009355.600000, 369.485000
1951, 5009355.200000, 369.490000
1954, 5009353.900000, 369.520000
1955, 5009353.600000, 369.500000
1958, 5009352.100000, 369.560000
1961, 5009351.000000, 369.590000
1962, 5009350.600000, 369.590000
1972, 5009347.100000, 369.570000
1974, 5009346.800000, 369.560000
1975, 5009346.400000, 369.560000
1977, 5009345.800000, 369.560000
1978, 5009345.400000, 369.520000
1982, 5009343.600000, 369.520000
1984, 5009342.600000, 369.540000
1986, 5009341.000000, 369.560000
1987, 5009340.880000, 369.580000
1988, 5009340.316667, 369.593333
1989, 5009339.800000, 369.608000
1990, 5009339.400000, 369.615000
1991, 5009338.716667, 369.630000
1992, 5009338.216667, 369.650000
1993, 5009337.680000, 369.668000
1994, 5009337.116667, 369.686667
1995, 5009336.600000, 369.712000
1996, 5009336.100000, 369.736000
1997, 5009335.600000, 369.763333
1998, 5009335.000000, 369.780000
1999, 5009334.500000, 369.790000
2000, 5009334.000000, 369.812500
2001, 5009333.316667, 369.836667
2002, 5009332.900000, 369.864000
2003, 5009332.216667, 369.883333
2004, 5009331.716667, 369.910000
2005, 5009331.180000, 369.932000
2006, 5009330.575000, 369.960000
2007, 5009330.100000, 369.988000
2008, 5009329.700000, 370.010000
2009, 5009329.020000, 370.044000
2010, 5009328.700000, 370.060000
2011, 5009328.100000, 370.080000
2012, 5009327.700000, 370.110000
2013, 5009327.000000, 370.130000
2014, 5009326.416667, 370.160000
2015, 5009326.000000, 370.180000
2016, 5009325.500000, 370.206667
2017, 5009324.775000, 370.235000
2018, 5009324.400000, 370.280000
2019, 5009323.800000, 370.295000
2020, 5009323.216667, 370.320000
2021, 5009322.683333, 370.340000
2022, 5009322.016667, 370.365000
2023, 5009321.480000, 370.392000
2024, 5009320.900000, 370.418000
2025, 5009320.400000, 370.455000
2026, 5009319.900000, 370.480000
2027, 5009319.300000, 370.510000
2028, 5009318.516667, 370.540000
2029, 5009318.100000, 370.580000
2030, 5009317.500000, 370.600000
2031, 5009316.883333, 370.635000
2032, 5009316.300000, 370.658000
2033, 5009315.800000, 370.690000
2034, 5009315.300000, 370.728000
2035, 5009314.800000, 370.756667
2036, 5009314.233333, 370.803333
2037, 5009313.900000, 370.838000
2038, 5009313.400000, 370.856000
2039, 5009312.900000, 370.885000
2040, 5009312.400000, 370.910000
2041, 5009311.900000, 370.940000
2043, 5009311.000000, 371.000000
2046, 5009309.100000, 371.100000
2052, 5009306.700000, 371.320000
2053, 5009306.700000, 371.320000
2054, 5009306.200000, 371.340000
2058, 5009304.800000, 371.490000
2060, 5009304.000000, 371.530000
2061, 5009303.700000, 371.550000
2065, 5009302.100000, 371.690000
2070, 5009300.000000, 371.850000
2077, 5009297.400000, 372.060000
2079, 5009296.800000, 372.090000
2081, 5009296.000000, 372.156667
2082, 5009295.550000, 372.175000
2083, 5009295.233333, 372.206667
2084, 5009294.833333, 372.240000
2085, 5009294.500000, 372.260000
2086, 5009294.100000, 372.285000
2087, 5009293.600000, 372.320000
2088, 5009293.300000, 372.360000
2089, 5009293.000000, 372.378000
2090, 5009292.600000, 372.400000
2091, 5009292.200000, 372.417500
2092, 5009291.900000, 372.430000
2093, 5009291.500000, 372.446667
2094, 5009291.300000, 372.460000
2095, 5009291.000000, 372.506667
2096, 5009290.650000, 372.523333
2097, 5009290.350000, 372.543333
2098, 5009290.060000, 372.560000
2099, 5009289.900000, 372.570000
2100, 5009289.600000, 372.600000
2101, 5009289.240000, 372.608000
2102, 5009289.000000, 372.617500
2103, 5009288.800000, 372.644000
2104, 5009288.400000, 372.650000
2105, 5009288.240000, 372.656000
2106, 5009288.000000, 372.668000
2107, 5009287.800000, 372.688000
2108, 5009287.600000, 372.704000
2109, 5009287.400000, 372.713333
2110, 5009287.200000, 372.732000
2111, 5009287.000000, 372.740000
2112, 5009286.900000, 372.750000
2113, 5009286.900000, 372.760000
2114, 5009286.800000, 372.780000
2115, 5009286.700000, 372.788333
2116, 5009286.700000, 372.790000
2117, 5009286.700000, 372.790000
2118, 5009286.716667, 372.790000
2119, 5009286.800000, 372.784000
2120, 5009286.900000, 372.780000
2121, 5009286.900000, 372.780000
2122, 5009287.100000, 372.777143
2123, 5009287.100000, 372.768333
2124, 5009287.300000, 372.756000
2125, 5009287.500000, 372.740000
2126, 5009287.700000, 372.736000
2127, 5009287.800000, 372.720000
2128, 5009288.000000, 372.710000
2129, 5009288.100000, 372.690000
2130, 5009288.400000, 372.682000
2131, 5009288.500000, 372.672500
2132, 5009288.800000, 372.656667
2133, 5009289.000000, 372.638000
2134, 5009289.228571, 372.621429
2135, 5009289.400000, 372.600000
2136, 5009289.700000, 372.580000
2137, 5009289.900000, 372.553333
2138, 5009290.000000, 372.538000
2139, 5009290.100000, 372.530000
2140, 5009290.300000, 372.510000
2141, 5009290.400000, 372.490000
2142, 5009290.500000, 372.480000
2143, 5009290.500000, 372.460000
2144, 5009290.600000, 372.450000
2145, 5009290.720000, 372.442000
2146, 5009290.800000, 372.433333
2147, 5009290.800000, 372.425000
2148, 5009290.900000, 372.420000
2149, 5009291.000000, 372.414000
2150, 5009291.000000, 372.406000
2151, 5009291.100000, 372.396000
2152, 5009291.300000, 372.376000
2153, 5009291.400000, 372.360000
2154, 5009291.600000, 372.346667
2155, 5009291.800000, 372.330000
2156, 5009291.900000, 372.310000
2157, 5009292.000000, 372.300000
2158, 5009292.100000, 372.283333
2159, 5009292.300000, 372.272500
2160, 5009292.400000, 372.252000
2161, 5009292.700000, 372.234000
2162, 5009293.000000, 372.215000
2163, 5009293.400000, 372.180000
2164, 5009293.700000, 372.145000
2165, 5009294.100000, 372.096667
2166, 5009294.500000, 372.070000
2167, 5009294.800000, 372.032000
2168, 5009295.200000, 371.993333
2169, 5009295.500000, 371.960000
2170, 5009295.800000, 371.920000
2171, 5009296.100000, 371.890000
2172, 5009296.400000, 371.865000
2173, 5009296.600000, 371.826667
2174, 5009296.900000, 371.790000
2175, 5009297.100000, 371.765000
2176, 5009297.400000, 371.732000
2177, 5009297.500000, 371.705000
2178, 5009297.800000, 371.678000
2179, 5009297.900000, 371.650000
2180, 5009298.100000, 371.632500
2181, 5009298.300000, 371.608000
2182, 5009298.400000, 371.595000
2183, 5009298.600000, 371.570000
2184, 5009298.800000, 371.550000
2185, 5009298.900000, 371.530000
2186, 5009299.000000, 371.513333
2187, 5009299.100000, 371.494000
2188, 5009299.300000, 371.473333
2189, 5009299.400000, 371.462500
2190, 5009299.500000, 371.450000
2191, 5009299.500000, 371.440000
2193, 5009299.800000, 371.410000
2194, 5009299.800000, 371.400000
2196, 5009299.900000, 371.350000
2197, 5009300.000000, 371.350000
2199, 5009300.300000, 371.310000
2202, 5009300.800000, 371.250000
2206, 5009301.300000, 371.190000
2210, 5009302.400000, 371.090000
2214, 5009303.300000, 370.980000
2224, 5009305.300000, 370.760000
2235, 5009309.600000, 370.370000
2238, 5009310.900000, 370.180000
2239, 5009311.300000, 370.171667
2240, 5009311.600000, 370.130000
2241, 5009311.900000, 370.090000
2242, 5009312.100000, 370.050000
2243, 5009312.357143, 370.015714
2244, 5009312.800000, 369.976667
2245, 5009312.971429, 369.941429
2246, 5009313.300000, 369.901429
2247, 5009313.400000, 369.890000
2248, 5009313.700000, 369.875000
2249, 5009313.871429, 369.842857
2250, 5009314.100000, 369.806667
2251, 5009314.185714, 369.774286
2252, 5009314.400000, 369.755000
2253, 5009314.400000, 369.725714
2254, 5009314.600000, 369.700000
2255, 5009314.600000, 369.700000
2256, 5009314.600000, 369.682857
2257, 5009314.685714, 369.654286
2258, 5009314.800000, 369.625000
2259, 5009314.800000, 369.628571
2260, 5009314.800000, 369.623333
2261, 5009314.800000, 369.614286
2262, 5009314.800000, 369.600000
2263, 5009314.628571, 369.585714
2264, 5009314.600000, 369.575714
2265, 5009314.500000, 369.566667
2266, 5009314.414286, 369.557143
2267, 5009314.400000, 369.548571
2268, 5009314.200000, 369.538333
2269, 5009314.100000, 369.530000
2270, 5009314.020000, 369.540000
2271, 5009313.800000, 369.520000
2272, 5009313.400000, 369.540000
2273, 5009313.300000, 369.556667
2274, 5009312.966667, 369.573333
2275, 5009312.728571, 369.585714
2276, 5009312.357143, 369.618571
2277, 5009312.000000, 369.655000
2278, 5009311.828571, 369.670000
2279, 5009311.457143, 369.678571
2280, 5009311.100000, 369.694000
2281, 5009310.842857, 369.712857
2282, 5009310.400000, 369.735000
2283, 5009310.100000, 369.760000
2284, 5009309.928571, 369.790000
2285, 5009309.642857, 369.810000
2286, 5009309.350000, 369.835000
2287, 5009309.042857, 369.854286
2288, 5009308.914286, 369.874286
2289, 5009308.650000, 369.893333
2290, 5009308.342857, 369.911429
2291, 5009308.050000, 369.930000
2292, 5009307.840000, 369.954000
2293, 5009307.640000, 369.982000
2294, 5009307.350000, 370.006667
2295, 5009307.050000, 370.023333
2296, 5009306.828571, 370.042857
2297, 5009306.628571, 370.064286
2298, 5009306.300000, 370.090000
2299, 5009306.042857, 370.107143
2300, 5009305.914286, 370.127143
2301, 5009305.600000, 370.146667
2302, 5009305.428571, 370.171429
2303, 5009305.316667, 370.193333
2304, 5009305.140000, 370.212000
2305, 5009304.933333, 370.230000
2306, 5009304.800000, 370.248000
2307, 5009304.640000, 370.264000
2308, 5009304.433333, 370.283333
2309, 5009304.300000, 370.294000
2310, 5009304.133333, 370.313333
2311, 5009304.016667, 370.331667
2312, 5009303.900000, 370.340000
2313, 5009303.740000, 370.350000
2314, 5009303.400000, 370.370000
2315, 5009303.240000, 370.386000
2316, 5009303.000000, 370.398000
2317, 5009302.840000, 370.418000
2318, 5009302.466667, 370.443333
2319, 5009302.100000, 370.468000
2320, 5009301.850000, 370.490000
2321, 5009301.560000, 370.512000
2322, 5009301.100000, 370.536667
2323, 5009300.850000, 370.560000
2324, 5009300.500000, 370.586000
2325, 5009300.180000, 370.610000
2326, 5009299.875000, 370.640000
2327, 5009299.480000, 370.670000
2328, 5009299.080000, 370.700000
2329, 5009298.680000, 370.732000
2330, 5009298.300000, 370.762500
2331, 5009297.900000, 370.792500
2332, 5009297.466667, 370.826667
2333, 5009297.160000, 370.858000
2334, 5009296.850000, 370.890000
2335, 5009296.466667, 370.916667
2336, 5009296.160000, 370.946000
2337, 5009295.800000, 370.976000
2338, 5009295.383333, 371.006667
2339, 5009295.050000, 371.040000
2340, 5009294.680000, 371.070000
2341, 5009294.400000, 371.100000
2351, 5009290.700000, 371.450000
2353, 5009290.000000, 371.480000
2355, 5009289.600000, 371.550000
2358, 5009288.600000, 371.640000
2360, 5009288.300000, 371.670000
2361, 5009287.800000, 371.740000
2372, 5009285.200000, 372.010000
2374, 5009284.500000, 372.090000
2378, 5009282.900000, 372.260000
2381, 5009281.300000, 372.380000
2382, 5009280.800000, 372.410000
2383, 5009280.600000, 372.460000
2384, 5009280.233333, 372.500000
2385, 5009279.875000, 372.550000
2386, 5009279.466667, 372.583333
2387, 5009279.050000, 372.631667
2388, 5009278.760000, 372.664000
2389, 5009278.380000, 372.704000
2390, 5009278.120000, 372.736000
2391, 5009277.680000, 372.784000
2392, 5009277.375000, 372.820000
2393, 5009277.033333, 372.853333
2394, 5009276.600000, 372.880000
2395, 5009276.260000, 372.928000
2396, 5009275.960000, 372.960000
2397, 5009275.600000, 372.990000
2398, 5009275.160000, 373.040000
2399, 5009274.860000, 373.090000
2400, 5009274.480000, 373.122000
2401, 5009274.200000, 373.155000
2402, 5009273.900000, 373.186667
2403, 5009273.650000, 373.230000
2404, 5009273.360000, 373.252000
2405, 5009273.150000, 373.285000
2406, 5009272.966667, 373.310000
2407, 5009272.800000, 373.340000
2408, 5009272.500000, 373.365000
2409, 5009272.325000, 373.380000
2410, 5009272.140000, 373.400000
2411, 5009271.966667, 373.410000
2412, 5009271.816667, 373.440000
2413, 5009271.633333, 373.460000
2414, 5009271.400000, 373.476667
2415, 5009271.140000, 373.504000
2416, 5009270.957143, 373.524286
2417, 5009270.820000, 373.546000
2418, 5009270.560000, 373.568000
2419, 5009270.260000, 373.592000
2420, 5009269.950000, 373.620000
2421, 5009269.828571, 373.644286
2422, 5009269.633333, 373.660000
2423, 5009269.360000, 373.686000
2424, 5009269.120000, 373.710000
2425, 5009268.916667, 373.751667
2426, 5009268.750000, 373.760000
2427, 5009268.475000, 373.790000
2428, 5009268.220000, 373.814000
2429, 5009268.040000, 373.844000
2430, 5009267.760000, 373.874000
2431, 5009267.633333, 373.893333
2432, 5009267.360000, 373.918000
2433, 5009267.133333, 373.940000
2434, 5009266.933333, 373.960000
2435, 5009266.675000, 373.975000
2436, 5009266.400000, 374.000000
2437, 5009266.166667, 374.023333
2438, 5009266.020000, 374.042000
2439, 5009265.866667, 374.050000
2440, 5009265.657143, 374.082857
2441, 5009265.450000, 374.100000
2442, 5009265.333333, 374.125000
2443, 5009265.060000, 374.138000
2444, 5009264.920000, 374.170000
2445, 5009264.833333, 374.176667
2446, 5009264.657143, 374.191429
2447, 5009264.600000, 374.206000
2448, 5009264.520000, 374.222000
2449, 5009264.333333, 374.250000
2450, 5009264.300000, 374.274000
2451, 5009264.300000, 374.282857
2452, 5009264.100000, 374.293333
2453, 5009264.000000, 374.310000
2454, 5009263.916667, 374.310000
2455, 5009263.828571, 374.330000
2456, 5009263.716667, 374.340000
2457, 5009263.700000, 374.350000
2458, 5009263.566667, 374.358333
2459, 5009263.500000, 374.366667
2460, 5009263.416667, 374.376667
2461, 5009263.320000, 374.386000
2462, 5009263.220000, 374.396000
2463, 5009263.120000, 374.408000
2464, 5009263.020000, 374.424000
2465, 5009263.000000, 374.432500
2466, 5009262.925000, 374.442500
2467, 5009262.820000, 374.452000
2468, 5009262.725000, 374.460000
2469, 5009262.640000, 374.470000
2470, 5009262.520000, 374.480000
2471, 5009262.428571, 374.500000
2472, 5009262.320000, 374.508000
2473, 5009262.300000, 374.526000
2474, 5009262.133333, 374.538333
2475, 5009262.100000, 374.556000
2476, 5009262.033333, 374.565000
2477, 5009262.000000, 374.575000
2478, 5009261.940000, 374.582000
2479, 5009261.900000, 374.592500
2480, 5009261.900000, 374.604000
2481, 5009261.900000, 374.610000
2482, 5009261.833333, 374.610000
2483, 5009261.800000, 374.610000
2484, 5009261.800000, 374.620000
2485, 5009261.800000, 374.610000
2486, 5009261.728571, 374.627143
2487, 5009261.783333, 374.630000
2488, 5009261.800000, 374.636667
2489, 5009261.728571, 374.640000
2490, 5009261.633333, 374.640000
2491, 5009261.666667, 374.635000
2492, 5009261.700000, 374.630000
2493, 5009261.766667, 374.630000
2494, 5009261.800000, 374.628000
2495, 5009261.850000, 374.620000
2496, 5009261.900000, 374.620000
2497, 5009261.966667, 374.620000
2498, 5009262.080000, 374.620000
2499, 5009262.160000, 374.610000
2500, 5009262.275000, 374.600000
2501, 5009262.380000, 374.592000
2502, 5009262.580000, 374.582000
2503, 5009262.850000, 374.565000
2504, 5009262.960000, 374.552000
2505, 5009263.225000, 374.525000
2506, 5009263.460000, 374.512000
2507, 5009263.740000, 374.492000
2508, 5009263.950000, 374.477500
2509, 5009264.133333, 374.465000
2510, 5009264.425000, 374.440000
2511, 5009264.725000, 374.420000
2512, 5009264.950000, 374.390000
2513, 5009265.200000, 374.370000
2514, 5009265.450000, 374.355000
2515, 5009265.780000, 374.326000
2516, 5009266.166667, 374.293333
2517, 5009266.480000, 374.262000
2518, 5009266.866667, 374.223333
2519, 5009267.320000, 374.192000
2520, 5009267.700000, 374.155000
2521, 5009267.950000, 374.130000
2528, 5009271.400000, 373.740000
2529, 5009272.500000, 373.680000
2530, 5009272.500000, 373.620000
2534, 5009275.100000, 373.360000
2537, 5009276.600000, 373.240000
2548, 5009280.200000, 372.780000
2558, 5009283.000000, 372.420000
2559, 5009283.300000, 372.370000
2560, 5009283.600000, 372.330000
2563, 5009284.700000, 372.220000
2568, 5009286.300000, 372.050000
2571, 5009287.050000, 371.947500
2572, 5009287.250000, 371.900000
2573, 5009287.480000, 371.868000
2574, 5009287.700000, 371.830000
2575, 5009287.920000, 371.796000
2576, 5009288.180000, 371.762000
2577, 5009288.375000, 371.730000
2578, 5009288.580000, 371.694000
2579, 5009288.833333, 371.656667
2580, 5009289.050000, 371.610000
2581, 5009289.325000, 371.582500
2582, 5009289.580000, 371.552000
2583, 5009289.860000, 371.514000
2584, 5009290.020000, 371.490000
2585, 5009290.250000, 371.456667
2586, 5009290.533333, 371.416667
2587, 5009290.750000, 371.387500
2588, 5009291.033333, 371.360000
2589, 5009291.300000, 371.323333
2590, 5009291.666667, 371.285000
2591, 5009292.050000, 371.226667
2592, 5009292.400000, 371.185000
2593, 5009292.950000, 371.135000
2594, 5009293.340000, 371.098000
2595, 5009293.800000, 371.038000
2596, 5009294.200000, 370.990000
2597, 5009294.650000, 370.940000
2598, 5009295.200000, 370.890000
2599, 5009295.640000, 370.840000
2600, 5009296.050000, 370.798333
2601, 5009296.500000, 370.748333
2602, 5009296.780000, 370.692000
2603, 5009297.140000, 370.640000
2604, 5009297.600000, 370.592500
2605, 5009297.900000, 370.553333
2606, 5009298.150000, 370.530000
2607, 5009298.500000, 370.483333
2608, 5009298.750000, 370.443333
2609, 5009299.080000, 370.402000
2610, 5009299.320000, 370.364000
2611, 5009299.700000, 370.340000
2612, 5009299.920000, 370.290000
2613, 5009300.150000, 370.250000
2614, 5009300.480000, 370.218000
2615, 5009300.660000, 370.170000
2616, 5009300.900000, 370.136667
2617, 5009301.180000, 370.098000
2618, 5009301.500000, 370.063333
2619, 5009301.840000, 370.032000
2620, 5009302.200000, 369.995000
2621, 5009302.600000, 369.958000
2622, 5009302.900000, 369.926667
2623, 5009303.228571, 369.885714
2624, 5009303.700000, 369.840000
2625, 5009304.166667, 369.793333
2626, 5009304.566667, 369.760000
2627, 5009304.928571, 369.710000
2628, 5009305.433333, 369.650000
2629, 5009305.771429, 369.607143
2630, 5009306.128571, 369.564286
2631, 5009306.566667, 369.523333
2632, 5009306.900000, 369.485000
2633, 5009307.233333, 369.440000
2634, 5009307.420000, 369.410000
2635, 5009307.680000, 369.364000
2636, 5009307.920000, 369.324000
2637, 5009308.133333, 369.286667
2638, 5009308.380000, 369.252000
2639, 5009308.566667, 369.213333
2640, 5009308.780000, 369.180000
2648, 5009309.900000, 368.980000
2651, 5009310.100000, 368.940000
2652, 5009310.100000, 368.920000
2655, 5009310.300000, 368.870000
2656, 5009310.250000, 368.860000
2657, 5009310.300000, 368.850000
2662, 5009310.600000, 368.790000
2663, 5009310.600000, 368.780000
2664, 5009310.800000, 368.750000
2675, 5009310.500000, 368.630000
2679, 5009309.800000, 368.680000
2680, 5009309.800000, 368.660000
2681, 5009309.300000, 368.710000
2682, 5009309.200000, 368.710000
2683, 5009309.033333, 368.710000
2684, 5009308.880000, 368.710000
2685, 5009308.800000, 368.718333
2686, 5009308.720000, 368.728000
2687, 5009308.520000, 368.738000
2688, 5009308.280000, 368.746000
2689, 5009308.050000, 368.763333
2690, 5009307.820000, 368.776000
2691, 5009307.633333, 368.785000
2692, 5009307.420000, 368.794000
2693, 5009307.150000, 368.803333
2694, 5009306.933333, 368.823333
2695, 5009306.700000, 368.830000
2696, 5009306.480000, 368.852000
2697, 5009306.220000, 368.860000
2698, 5009306.000000, 368.870000
2699, 5009305.833333, 368.890000
2700, 5009305.700000, 368.898333
2701, 5009305.360000, 368.916000
2702, 5009305.100000, 368.935000
2703, 5009304.920000, 368.946000
2704, 5009304.650000, 368.960000
2705, 5009304.300000, 368.983333
2706, 5009304.066667, 369.000000
2707, 5009303.800000, 369.020000
2708, 5009303.375000, 369.040000
2709, 5009303.120000, 369.056000
2710, 5009302.866667, 369.080000
2711, 5009302.400000, 369.100000
2712, 5009302.080000, 369.140000
2713, 5009301.700000, 369.156667
2714, 5009301.260000, 369.190000
2715, 5009300.900000, 369.215000
2716, 5009300.414286, 369.248571
2717, 5009300.050000, 369.280000
2718, 5009299.650000, 369.310000
2719, 5009299.228571, 369.342857
2720, 5009298.900000, 369.375000
2721, 5009298.600000, 369.400000
2722, 5009298.228571, 369.431429
2723, 5009297.928571, 369.468571
2724, 5009297.600000, 369.498000
2725, 5009297.120000, 369.536000
2726, 5009296.760000, 369.560000
2727, 5009296.400000, 369.590000
2728, 5009295.950000, 369.615000
2729, 5009295.640000, 369.660000
2730, 5009295.100000, 369.702000
2731, 5009294.600000, 369.736667
2732, 5009294.100000, 369.783333
2733, 5009293.600000, 369.830000
2734, 5009293.142857, 369.875714
2735, 5009292.450000, 369.935000
2736, 5009291.850000, 369.980000
2737, 5009291.240000, 370.044000
2738, 5009290.700000, 370.097500
2739, 5009290.025000, 370.167500
2740, 5009289.540000, 370.220000
2741, 5009289.050000, 370.280000
2742, 5009288.450000, 370.330000
2743, 5009287.940000, 370.388000
2744, 5009287.460000, 370.456000
2745, 5009286.850000, 370.516667
2746, 5009286.300000, 370.596000
2747, 5009285.860000, 370.640000
2748, 5009285.400000, 370.685000
2749, 5009284.950000, 370.740000
2750, 5009284.425000, 370.800000
2751, 5009284.200000, 370.830000
2752, 5009283.685714, 370.884286
2753, 5009283.200000, 370.928333
2754, 5009282.800000, 370.970000
2755, 5009282.350000, 371.030000
2756, 5009281.920000, 371.070000
2757, 5009281.500000, 371.118000
2758, 5009281.150000, 371.171667
2759, 5009280.750000, 371.206667
2760, 5009280.380000, 371.244000
2761, 5009280.100000, 371.276667
2762, 5009279.780000, 371.320000
2763, 5009279.480000, 371.352000
2764, 5009279.180000, 371.376000
2765, 5009278.960000, 371.412000
2766, 5009278.675000, 371.445000
2767, 5009278.500000, 371.467500
2768, 5009278.250000, 371.495000
2769, 5009278.060000, 371.520000
2770, 5009278.000000, 371.540000
2771, 5009277.960000, 371.560000
2772, 5009277.850000, 371.568333
2773, 5009277.800000, 371.570000
2774, 5009277.840000, 371.578000
2775, 5009277.840000, 371.586000
2776, 5009277.800000, 371.594000
2777, 5009277.800000, 371.600000
2778, 5009277.840000, 371.604000
2779, 5009277.900000, 371.613333
2780, 5009277.900000, 371.622000
2781, 5009277.940000, 371.628000
2782, 5009278.050000, 371.621667
2783, 5009278.050000, 371.630000
2784, 5009278.040000, 371.640000
2785, 5009278.180000, 371.630000
2786, 5009278.250000, 371.630000
2787, 5009278.240000, 371.622000
2788, 5009278.340000, 371.620000
2789, 5009278.433333, 371.620000
2790, 5009278.550000, 371.620000
2791, 5009278.600000, 371.616000
2794, 5009279.000000, 371.590000
2804, 5009280.000000, 371.500000
2806, 5009279.900000, 371.490000
2807, 5009279.900000, 371.480000
2815, 5009279.500000, 371.490000
2816, 5009279.400000, 371.490000
2817, 5009279.400000, 371.490000
2818, 5009279.366667, 371.496667
2819, 5009279.266667, 371.500000
2820, 5009279.166667, 371.503333
2821, 5009279.100000, 371.510000
2822, 5009279.060000, 371.512000
2823, 5009278.957143, 371.522857
2824, 5009278.860000, 371.532000
2825, 5009278.766667, 371.540000
2826, 5009278.700000, 371.550000
2827, 5009278.657143, 371.550000
2828, 5009278.600000, 371.550000
2829, 5009278.557143, 371.550000
2830, 5009278.550000, 371.558333
2831, 5009278.600000, 371.560000
2832, 5009278.600000, 371.560000
2833, 5009278.600000, 371.560000
2834, 5009278.600000, 371.560000
2835, 5009278.550000, 371.565000
2836, 5009278.450000, 371.570000
2837, 5009278.375000, 371.570000
2838, 5009278.300000, 371.570000
2839, 5009278.220000, 371.570000
2840, 5009278.066667, 371.580000
2841, 5009277.933333, 371.590000
2842, 5009277.750000, 371.600000
2843, 5009277.580000, 371.620000
2844, 5009277.400000, 371.628333
2845, 5009277.200000, 371.638333
2846, 5009277.000000, 371.656667
2847, 5009276.850000, 371.673333
2848, 5009276.700000, 371.685000
2849, 5009276.560000, 371.698000
2850, 5009276.457143, 371.712857
2851, 5009276.400000, 371.720000
2855, 5009276.200000, 371.750000
2858, 5009276.300000, 371.760000
2859, 5009276.300000, 371.760000
2860, 5009276.100000, 371.760000
2861, 5009276.025000, 371.760000
2862, 5009276.000000, 371.766000
2863, 5009275.966667, 371.770000
2864, 5009275.900000, 371.774286
2865, 5009275.860000, 371.782000
2866, 5009275.800000, 371.790000
2867, 5009275.750000, 371.791667
2868, 5009275.660000, 371.800000
2869, 5009275.600000, 371.810000
2870, 5009275.566667, 371.810000
2871, 5009275.550000, 371.810000
2872, 5009275.600000, 371.818000
2873, 5009275.666667, 371.813333
2874, 5009275.800000, 371.810000
2875, 5009275.833333, 371.803333
2876, 5009275.933333, 371.800000
2877, 5009276.000000, 371.796000
2878, 5009276.066667, 371.780000
2879, 5009276.200000, 371.766667
2880, 5009276.240000, 371.762000
2881, 5009276.300000, 371.763333
2882, 5009276.300000, 371.750000
2883, 5009276.333333, 371.750000
2884, 5009276.433333, 371.740000
2885, 5009276.533333, 371.730000
2886, 5009276.642857, 371.721429
2887, 5009276.780000, 371.712000
2888, 5009276.966667, 371.696667
2889, 5009277.140000, 371.684000
2890, 5009277.450000, 371.660000
2891, 5009277.680000, 371.632000
2892, 5009277.866667, 371.615000
2893, 5009278.100000, 371.600000
2894, 5009278.366667, 371.566667
2895, 5009278.620000, 371.534000
2896, 5009278.900000, 371.503333
2897, 5009279.200000, 371.465000
2898, 5009279.560000, 371.440000
2899, 5009279.866667, 371.406667
2900, 5009280.100000, 371.366667
2901, 5009280.400000, 371.335000
2902, 5009280.760000, 371.298000
2903, 5009281.020000, 371.278000
2904, 5009281.220000, 371.246000
2905, 5009281.480000, 371.212000
2906, 5009281.680000, 371.188000
2907, 5009281.880000, 371.158000
2908, 5009282.040000, 371.132000
2909, 5009282.300000, 371.096667
2910, 5009282.533333, 371.073333
2911, 5009282.640000, 371.040000
2912, 5009282.800000, 371.010000
2913, 5009283.000000, 370.990000
2914, 5009283.100000, 370.990000
2916, 5009283.300000, 370.930000
2917, 5009283.400000, 370.910000
2918, 5009283.600000, 370.910000
2922, 5009283.800000, 370.840000
2925, 5009283.900000, 370.820000
2926, 5009283.900000, 370.820000
2928, 5009283.700000, 370.810000
2932, 5009283.300000, 370.810000
2935, 5009283.100000, 370.810000
2944, 5009282.000000, 370.870000
2951, 5009281.300000, 370.920000
2955, 5009281.300000, 370.930000
2956, 5009281.200000, 370.940000
2959, 5009280.700000, 370.960000
2960, 5009280.600000, 370.970000
2961, 5009280.500000, 370.980000
2962, 5009280.400000, 370.990000
2963, 5009280.100000, 371.000000
2964, 5009280.000000, 371.010000
2966, 5009279.900000, 371.020000
2967, 5009279.750000, 371.035000
2968, 5009279.600000, 371.040000
2969, 5009279.500000, 371.050000
2971, 5009279.300000, 371.080000
2972, 5009279.050000, 371.087500
2973, 5009278.900000, 371.090000
2975, 5009278.550000, 371.130000
2976, 5009278.400000, 371.150000
2977, 5009278.300000, 371.170000
2979, 5009277.900000, 371.190000
2980, 5009277.800000, 371.200000
2981, 5009277.500000, 371.220000
2990, 5009276.500000, 371.330000
2996, 5009275.900000, 371.390000
3002, 5009274.300000, 371.530000
3003, 5009274.300000, 371.570000
3006, 5009273.400000, 371.630000
3008, 5009272.300000, 371.750000
3009, 5009272.300000, 371.750000
3010, 5009271.900000, 371.840000
3012, 5009271.100000, 371.880000
3013, 5009270.800000, 371.940000
3014, 5009270.300000, 371.980000
3015, 5009269.750000, 372.040000
3016, 5009269.200000, 372.080000
3025, 5009265.700000, 372.480000
3027, 5009264.600000, 372.590000
3028, 5009264.200000, 372.660000
3033, 5009261.700000, 372.895000
3034, 5009260.800000, 372.970000
3035, 5009260.800000, 373.030000
3045, 5009255.000000, 373.560000
3048, 5009254.100000, 373.680000
3056, 5009250.500000, 374.140000
3062, 5009246.900000, 374.530000
3063, 5009246.900000, 374.530000
3064, 5009246.200000, 374.624000
3065, 5009245.716667, 374.680000
3066, 5009245.157143, 374.740000
3067, 5009244.683333, 374.808333
3068, 5009244.028571, 374.908571
3069, 5009243.516667, 374.960000
3070, 5009243.033333, 375.020000
3071, 5009242.650000, 375.080000
3072, 5009242.350000, 375.096667
3073, 5009242.040000, 375.106000
3074, 5009241.685714, 375.145714
3075, 5009241.320000, 375.190000
3076, 5009240.950000, 375.235000
3077, 5009240.633333, 375.290000
3078, 5009240.233333, 375.340000
3079, 5009239.833333, 375.396667
3080, 5009239.433333, 375.446667
3081, 5009239.050000, 375.490000
3082, 5009238.700000, 375.540000
3083, 5009238.250000, 375.600000
3084, 5009237.950000, 375.660000
3085, 5009237.633333, 375.700000
3086, 5009237.233333, 375.741667
3087, 5009236.820000, 375.790000
3088, 5009236.433333, 375.826667
3089, 5009236.100000, 375.870000
3090, 5009235.716667, 375.915000
3091, 5009235.185714, 375.974286
3092, 5009234.800000, 376.020000
3093, 5009234.316667, 376.073333
3094, 5009233.800000, 376.135000
3095, 5009233.500000, 376.180000
3096, 5009232.900000, 376.240000
3097, 5009232.316667, 376.300000
3098, 5009231.816667, 376.360000
3099, 5009231.400000, 376.430000
3100, 5009230.683333, 376.480000
3101, 5009230.016667, 376.556667
3102, 5009229.500000, 376.616667
3103, 5009228.883333, 376.680000
3104, 5009228.216667, 376.745000
3105, 5009227.800000, 376.818000
3106, 5009227.300000, 376.886667
3107, 5009226.575000, 376.970000
3108, 5009226.200000, 377.014000
3109, 5009225.600000, 377.093333
3110, 5009225.000000, 377.152000
3111, 5009224.500000, 377.214000
3112, 5009223.975000, 377.270000
3113, 5009223.480000, 377.330000
3114, 5009222.900000, 377.380000
3115, 5009222.400000, 377.412000
3116, 5009221.933333, 377.478333
3117, 5009221.500000, 377.526000
3118, 5009221.016667, 377.596667
3119, 5009220.520000, 377.650000
3120, 5009220.120000, 377.690000
3121, 5009219.700000, 377.744000
3122, 5009219.300000, 377.792000
3123, 5009218.833333, 377.846667
3124, 5009218.433333, 377.888333
3125, 5009218.100000, 377.930000
3126, 5009217.733333, 377.990000
3127, 5009217.316667, 378.050000
3128, 5009216.900000, 378.090000
3129, 5009216.600000, 378.122000
3130, 5009216.233333, 378.156667
3131, 5009215.850000, 378.203333
3132, 5009215.516667, 378.240000
3133, 5009215.000000, 378.273333
3134, 5009214.800000, 378.300000
3135, 5009214.350000, 378.330000
3136, 5009214.000000, 378.363333
3137, 5009213.700000, 378.402500
3138, 5009213.340000, 378.450000
3139, 5009213.066667, 378.495000
3140, 5009212.820000, 378.520000
3141, 5009212.500000, 378.560000
3142, 5009212.266667, 378.585000
3143, 5009212.040000, 378.622000
3144, 5009211.800000, 378.654000
3145, 5009211.483333, 378.680000
3146, 5009211.350000, 378.703333
3147, 5009211.057143, 378.727143
3148, 5009210.766667, 378.755000
3149, 5009210.550000, 378.786667
3150, 5009210.250000, 378.830000
3151, 5009210.000000, 378.858333
3152, 5009209.900000, 378.900000
3162, 5009207.400000, 379.230000
3172, 5009205.000000, 379.530000
3182, 5009201.100000, 379.940000
3192, 5009196.000000, 380.530000
3203, 5009195.200000, 380.725000
3204, 5009195.200000, 380.720000
3205, 5009195.400000, 380.720000
3206, 5009195.500000, 380.715000
3217, 5009197.000000, 380.580000
3221, 5009198.800000, 380.350000
3232, 5009204.100000, 379.810000
3242, 5009206.800000, 379.480000
3244, 5009207.000000, 379.450000
3245, 5009207.000000, 379.440000
3246, 5009207.100000, 379.435000
3256, 5009207.800000, 379.360000
3266, 5009210.600000, 379.040000
3277, 5009213.100000, 378.790000
3279, 5009213.900000, 378.740000
3282, 5009215.300000, 378.600000
3293, 5009222.600000, 377.840000
3303, 5009229.000000, 377.080000
3310, 5009234.000000, 376.525000
3311, 5009234.800000, 376.480000
3315, 5009237.700000, 376.110000
